Address,Rent,Size,Neighbourhood
"464 Steven Place Apt. 194, West Stevenmouth, 90346",3619,104,Glanmire
"723 Reyes Row, Bradton, 54526",1456,179,Ballintemple
"261 Andrews Hill Apt. 673, Saraview, 35777",1102,117,The Lough
"9694 Karen Roads Apt. 978, Port Susanborough, 56170",4037,83,Togher
"314 Rangel Village, East Victoria, 61428",2126,139,Togher
"29665 Rebecca Falls Apt. 502, North Jessica, 35968",2003,67,Rochestown
"625 Turner Highway Apt. 540, East Seanton, 24390",1914,112,The Lough
"5770 Claire Plains Suite 950, East Jeremy, 20063",1571,144,Togher
"92114 Christine Prairie Apt. 860, Warnerburgh, 98103",4016,122,Togher
"424 Butler Mount, South Samantha, 05126",1419,90,Ballyvolane
"033 Fitzgerald Corners Apt. 827, Cookside, 85348",3771,162,Mahon
"62035 Andrew Cove Apt. 892, New Jacqueline, 59321",4033,189,Rochestown
"611 Glover Cape Apt. 391, Henryview, 98714",4654,127,Shandon
"1574 James Walk, Amberville, 31075",3233,185,Shandon
"60353 Norton Wall Suite 616, Smithmouth, 79013",1356,52,Togher
"364 Michael Manors Apt. 536, New Annaton, 89266",3418,191,Shandon
"22422 Dawn Passage, Port Amandachester, 42931",2728,126,Togher
"94094 Alvarez Shore, Antonioside, 92629",1130,76,Shandon
"573 Greene Club Apt. 859, West David, 75783",1122,84,The Lough
"077 Brian Parkway, East Tracy, 83694",1383,117,Ballyvolane
"5861 Jessica Ramp Apt. 284, South Lisastad, 46896",1895,79,Mahon
"2754 Vang Freeway, Wallacebury, 81500",1952,77,Rochestown
"57116 Shah Plains, East Stephaniemouth, 41585",3069,191,Bishopstown
"1274 Ian Roads, West Roberto, 03691",3465,89,Ballintemple
"996 Diana Orchard, Davidfort, 05759",1108,119,Ballintemple
"007 Wells Knolls, South Crystal, 22827",3298,122,Blackpool
"9147 Hill Corner, Cuevasville, 76944",1814,103,Ballintemple
"199 Steele Springs, New Betty, 79721",3932,137,Togher
"099 Glover Island, Rogersport, 17675",3661,102,Mahon
"21642 Kevin Orchard, New Evanshire, 88066",3872,117,Ballintemple
"213 Michelle Roads Apt. 631, North Kaylabury, 56763",3232,179,Mahon
"8838 Mejia Corner, North Patriciabury, 25634",2718,175,Rochestown
"406 Kathleen Stravenue, Lake Tammy, 01110",1902,114,Ballyvolane
"498 Hampton Fords, Irwinport, 33057",2839,63,Glanmire
"975 Sara Divide Suite 047, Smallhaven, 69233",3413,73,The Lough
"029 Ralph Mission Suite 854, Keithmouth, 92930",2139,158,Togher
"4255 Brian Mall Suite 992, Kellyport, 45436",4315,120,Glanmire
"381 Stacey Tunnel, Ortizhaven, 30141",4560,61,Rochestown
"0479 Julia Mountains, Shermanside, 03483",1026,50,Mahon
"29958 Nelson Causeway, Mendezhaven, 64684",4108,135,The Lough
"9731 Mark Divide Suite 807, North Howard, 53155",4300,83,Ballyvolane
"99686 Jessica Valleys, Christopherfort, 60202",1653,117,Rochestown
"91212 Jennifer Villages, Adrianshire, 65370",3859,91,Mahon
"543 Barry Summit Suite 296, Frankborough, 58444",2731,163,Ballyvolane
"3682 Stephanie Skyway Suite 530, Danielport, 53000",2393,191,Shandon
"45593 Frank Via, East Anaberg, 52171",2138,159,Mahon
"27905 Stephen Ramp, West Matthewchester, 50375",1636,193,Ballintemple
"477 Andrew Ridges Suite 662, West Kimberly, 59386",1881,52,Togher
"509 Sharon Square Suite 517, Kimberlyview, 24720",4920,78,Bishopstown
"22939 Barnett Trace, Jeffreytown, 08826",4127,69,Ballintemple
"01472 Sandra Place, North Jonathan, 09462",2378,88,Rochestown
"643 Kimberly Coves Apt. 223, East Joseph, 15402",1418,189,Bishopstown
"108 Lucas Corner Suite 133, North Chris, 62767",1379,59,Ballintemple
"0919 Keller Lakes Suite 055, South Anthony, 55170",2556,144,Ballintemple
"21316 Savannah Manors Suite 661, South Amber, 36970",1396,199,Blackpool
"24419 Martinez Track Apt. 398, Margaretfurt, 74671",2470,191,Shandon
"937 Erik Street Apt. 186, Josephberg, 05466",4471,87,Shandon
"97267 Schwartz Corner Apt. 253, Williamston, 25879",2408,160,Ballintemple
"9101 Kevin Pike Suite 444, Antoniohaven, 66292",3472,82,Ballintemple
"506 Nancy Spurs Apt. 182, New Kelsey, 11490",2083,60,Glanmire
"34603 Alan Path, Michaelberg, 78704",4305,128,Ballintemple
"6413 Valenzuela Fields, Danielville, 30087",1177,143,Ballyvolane
"676 Little Tunnel Apt. 600, New Angelafort, 72513",3988,60,The Lough
"995 Nathan Plains, Nicoleton, 20637",2881,141,The Lough
"15334 Kelly Station Apt. 504, South David, 95303",3196,103,Togher
"8735 Christopher Inlet, North Blakeshire, 46721",1511,113,Shandon
"9200 Stephen Land, South Stanleyborough, 44966",4985,76,Ballyvolane
"9599 Chang Lakes, West Leslie, 09380",4777,140,Rochestown
"06138 Tyler Glen, Hopkinston, 95658",2550,193,Rochestown
"9421 Lindsey Passage Suite 031, South Matthewfort, 66468",1322,154,The Lough
"5510 Kelly Manor Apt. 952, Karenside, 19582",3261,89,Rochestown
"96742 Carrie Pines, North Keith, 04310",2200,110,Ballintemple
"680 Ferguson Square Apt. 153, Melissaland, 80098",4397,91,The Lough
"29285 Delgado Knoll, East Brian, 05523",3574,95,Mahon
"7117 Kristin Club, South Charles, 14153",3533,155,Glanmire
"050 Lee Mountain, Port Danielle, 06270",4626,56,Ballintemple
"5385 Tara Ridges Suite 394, New Joshuaton, 13146",4529,95,Ballintemple
"635 Allison Rue, Stephenstown, 12353",2481,135,The Lough
"5555 Perez Square Apt. 626, New Jeremymouth, 81037",3364,155,Togher
"699 Richards Circle Apt. 800, West Jacobbury, 21523",1787,113,Shandon
"1499 Mathis Forges Apt. 297, West Scottbury, 13148",3885,118,Togher
"05964 Sheri Pine Suite 282, Martinezborough, 42261",1284,90,Rochestown
"0698 Le Tunnel Apt. 669, North Sandra, 39850",1187,77,Ballintemple
"123 Reed Overpass, Cannonfurt, 78940",3708,147,The Lough
"20609 Valdez Crossroad, South Amanda, 56880",1933,59,Glanmire
"4788 Martin River Apt. 981, North Lisaland, 85934",4166,170,Ballyvolane
"412 Jason Freeway, Josephview, 58913",2185,106,Ballyvolane
"16553 Barnes Drive, Robintown, 65266",1326,101,Blackpool
"26076 Jason Garden, Kristinafurt, 01042",4503,167,The Lough
"85906 Gibson Mall, Beltranville, 21709",1953,139,Ballintemple
"238 Berry Underpass, Cindyfort, 33178",4549,128,Togher
"5322 Tate Roads Suite 073, Morsehaven, 47093",1413,108,Rochestown
"8137 Savage Parkways Apt. 658, Johntown, 04555",2556,107,Shandon
"43829 Waller Extensions Suite 082, Douglasport, 85766",2138,56,Bishopstown
"88954 Nichols Divide, Grantstad, 75517",2857,99,Glanmire
"241 Marcus Crescent, Jocelynborough, 63898",3603,152,Shandon
"7254 Amber Greens, Rebekahmouth, 35039",4416,134,Bishopstown
"166 Ryan Islands, Port Dwayne, 57013",2494,121,Togher
"242 John Passage Suite 291, South Timothytown, 68325",1666,67,Ballyvolane
"9091 Brown Garden Apt. 230, Thompsonhaven, 06247",2516,121,Ballintemple
"17278 Snow Garden Apt. 699, Lake Miguel, 52088",2455,139,Ballintemple
"90891 Burns Forks Apt. 523, Port Micheleborough, 74130",1858,180,Ballintemple
"6917 Cheryl Crest, Port Jasmine, 07778",3745,152,Ballintemple
"95913 Lewis Shores, East Dustinside, 22545",2093,187,Shandon
"97974 Turner Coves, Joelfort, 24826",3874,134,Shandon
"05721 Ronald Cliff Apt. 739, Lake Seth, 76527",4836,57,Mahon
"82619 Caldwell Trail Apt. 039, Palmerland, 61219",3799,79,Ballyvolane
"21715 William Forest, Cynthiafurt, 80415",3654,116,Shandon
"7365 Sandra Via Suite 507, New Jamestown, 71777",1292,95,The Lough
"753 Hooper Shores, Hernandezmouth, 26678",3495,198,Ballyvolane
"11582 Alexander Run Suite 862, Kathrynland, 68373",3600,117,Rochestown
"2331 Munoz Centers Apt. 267, Pruitttown, 62109",1700,59,Blackpool
"74832 Walker Manors Suite 710, Hardinmouth, 23507",3187,77,Ballyvolane
"299 Nicole Skyway Suite 916, Millerview, 71690",3986,161,Togher
"827 Mason Springs Apt. 366, Rodneyview, 85304",2002,138,The Lough
"13456 Jenkins Ports Apt. 958, Richardsstad, 53283",1669,130,Ballyvolane
"3712 Christina Rapids Apt. 277, Port Lawrenceport, 62268",2893,161,Rochestown
"53541 Russell Knolls Suite 623, Mikeside, 48273",2554,180,Mahon
"2589 Ebony Union Apt. 192, East Michelleside, 33458",2105,79,Glanmire
"577 Reynolds Plaza, Port Kathrynchester, 68766",4790,148,Rochestown
"10339 Blair Locks, South Susanfurt, 67942",3621,197,Ballintemple
"64800 Shannon Estates Apt. 923, West Roger, 22866",3818,98,Ballintemple
"97741 Tyler Brook, Jermaineland, 81288",3281,115,Blackpool
"939 Thomas Street, Kennethland, 80896",1899,61,Ballyvolane
"9389 Felicia Roads Apt. 330, Danielmouth, 89269",3804,161,Blackpool
"124 Roberts Landing, South Christopher, 63698",2328,50,Bishopstown
"635 Novak Track Suite 481, Justinmouth, 08884",4452,183,Rochestown
"934 Deborah Park, New Dawn, 09649",4147,187,Bishopstown
"2472 Dalton Drives, Johnsonshire, 07137",4178,100,Togher
"45678 Carlos Hollow, Duncanhaven, 92617",1229,143,Blackpool
"93264 Sharon Forks, West Ashleyshire, 38206",1938,160,Rochestown
"134 Nixon Plaza, New Bethany, 89226",4366,67,Ballintemple
"7511 Williams Meadow, Paulland, 29289",1131,134,Blackpool
"719 Woods Spurs, Barrchester, 36084",4297,130,Ballintemple
"9042 Matthew Lodge, Smithberg, 75563",2292,81,Bishopstown
"851 Long Pike, East Cole, 89559",2643,126,Blackpool
"933 Kimberly Landing, Youngland, 56768",2096,179,Bishopstown
"01213 Rose Drives, Mileschester, 10798",1271,129,Ballyvolane
"3822 Shaw Spring, Lake Jamesborough, 55558",1864,154,Glanmire
"15372 Sims Village, Malikland, 96742",4740,133,Shandon
"004 Oconnor Flats Apt. 322, Reginafort, 61755",4862,153,Bishopstown
"1920 Michael Plain Suite 666, North Jessicaland, 29105",3323,125,Shandon
"8157 Reeves Spur Suite 465, West Courtneyview, 79965",4589,191,Bishopstown
"361 Stephen Islands, Destinystad, 77354",3940,82,Blackpool
"97527 Lauren Greens, Port Stephenburgh, 91722",2288,99,Shandon
"29114 Barry Junctions, Martinberg, 69785",1870,157,Rochestown
"37254 Lisa Streets Apt. 783, Martinezhaven, 79375",3684,147,The Lough
"588 Patel Via, Leetown, 56054",3044,94,Bishopstown
"2120 Wright Crossroad Suite 465, Lake Ronaldton, 02249",2620,195,The Lough
"440 Valdez Manors, South Kathy, 95657",4623,127,Shandon
"0951 Bradley Cliff, Lake Sarahbury, 77552",4745,153,Rochestown
"80852 Adam Lake, Sarahborough, 27177",3633,190,Bishopstown
"0469 Victor Valley, Christopherland, 14319",2879,50,The Lough
"1314 Samuel River Suite 710, Jonesfort, 66063",1585,127,Ballyvolane
"1374 Jackson Course Suite 571, North Steven, 44599",2084,123,Togher
"16729 Marsh Passage Apt. 095, Lake Sandra, 15384",1571,103,Glanmire
"2695 Stephen Mission, Humphreyview, 62531",2010,160,Blackpool
"8154 Hammond Corner Suite 397, South Kathryn, 03288",4051,198,The Lough
"6994 Laurie Village Suite 032, Ingramshire, 24634",3299,132,Blackpool
"730 Timothy Vista Suite 625, Lake Julia, 47812",3207,169,Glanmire
"776 Martinez Divide Apt. 832, Petersonburgh, 49797",2076,163,Mahon
"438 Jason Points, Johnsport, 80629",4059,163,Bishopstown
"71352 Mark Summit Apt. 845, Brownborough, 36642",3394,104,Glanmire
"27703 Jordan Parkway Apt. 106, Lake Michael, 72037",2754,180,Rochestown
"060 Noah Forest, Brownstad, 49718",4677,171,Ballintemple
"06736 Bentley Summit, Hernandezbury, 62553",3390,93,Mahon
"8037 Michelle Island, North Dianaside, 77180",2635,71,Glanmire
"21785 Charles Center Suite 488, North Whitney, 80928",2482,122,Togher
"30073 Dorsey Shores Apt. 973, Port William, 18887",1898,181,Glanmire
"9601 White Skyway Apt. 365, Lanceport, 02703",1566,135,Togher
"3655 Mike Extensions Apt. 877, New Ryan, 10941",3087,73,Togher
"90585 Jacobs Springs Suite 261, South Hannah, 87490",3021,110,The Lough
"21600 Cunningham Views Apt. 220, Thompsonfort, 66197",1372,129,Bishopstown
"253 Wilson Mall, North Zacharyfort, 97303",4095,107,Ballyvolane
"586 Stephens Rapids, Jamiechester, 37022",1192,100,Ballyvolane
"98660 Fred Drives, North Tiffanyland, 33664",4527,87,Shandon
"8310 Young Skyway, Jeremyside, 38749",1449,56,Shandon
"827 Carter Stream Suite 980, Wademouth, 86545",1626,61,Togher
"48502 Destiny Dale, Lake Tanyaton, 37048",3570,112,The Lough
"4635 Shannon Dale, Teresaberg, 38230",1655,171,Blackpool
"0660 Sergio Street, West Emilyton, 22636",4244,68,The Lough
"49427 Maria Mews, East Lorraine, 53846",3787,166,Blackpool
"5117 Lopez Heights Apt. 569, West Robert, 59677",2729,156,Ballintemple
"059 Jennifer Place, Lopezborough, 78942",3442,197,Togher
"15737 Mcintyre Creek, Port Natasha, 59812",1260,99,Ballintemple
"319 Larson Meadows, West Walter, 84902",2576,148,Glanmire
"77636 Justin Summit Suite 428, Andersontown, 35689",2563,176,Shandon
"49268 Nicole Flats Suite 554, Hollowayfort, 49954",3440,152,Shandon
"379 Oliver Spring, Ericfurt, 50758",2917,112,Glanmire
"3107 James Green Suite 343, West Davidtown, 90492",3167,87,Blackpool
"0523 Roth Village Suite 285, Josephshire, 16038",2029,51,Glanmire
"609 Diana Club, West Melindahaven, 32995",4977,77,Ballintemple
"4173 Katrina Ways, Mccoyberg, 67302",3266,158,Mahon
"1785 Robin Causeway, Santoshaven, 20786",4525,106,Togher
"70270 Warren Dale, South Kristina, 21522",4860,95,Glanmire
"361 Sherry Trail, East Eric, 39027",1047,182,Ballintemple
"32823 Troy Knolls Suite 627, Meaganshire, 37480",3786,168,Glanmire
"3235 Katie Radial Suite 990, New Jamestown, 21927",3952,62,Rochestown
"0483 Deborah Circle Apt. 373, West Austin, 38398",1469,192,Ballintemple
"42612 Mendez Glen, West Kellyland, 03143",3792,113,Togher
"572 Carolyn Road Suite 740, Juliechester, 48698",4624,81,Mahon
"6229 Berry Squares, North Christine, 95437",3199,166,The Lough
"70501 Davis Trafficway, South Hollymouth, 18293",4075,84,Bishopstown
"644 Justin Inlet Suite 379, Matthewtown, 55036",2092,168,Bishopstown
"653 Ashley Squares, Lake Andrea, 52354",4148,185,Togher
"71389 Christopher Forest Suite 805, Lewisstad, 69142",3625,193,Bishopstown
"948 Collins Street, Wilsonhaven, 29308",2393,131,Glanmire
"89673 Molina Point, Michaelberg, 12647",1456,163,Ballintemple
"715 Burke Village Suite 060, New Jacob, 54679",2202,179,Blackpool
"9587 Davis River, New Robinstad, 08820",2780,159,Bishopstown
"54336 John Shoals Apt. 979, East Stephanie, 32472",1647,190,Rochestown
"23107 Courtney Pines Apt. 572, East Lawrence, 69635",2858,164,Shandon
"01528 Carl Camp, Daniellemouth, 83526",1013,90,Blackpool
"82789 Deborah Tunnel, North Andrew, 11258",4906,171,Blackpool
"662 Juan Loaf, Aguilarmouth, 10666",3957,165,Togher
"238 Jennings Rue Suite 909, Floydville, 05861",4587,116,Glanmire
"7954 Brown Crest Suite 104, Robinsonton, 84876",3947,113,The Lough
"852 Kelly Parkway, Hugheschester, 26062",2078,120,Rochestown
"9882 Drew Brook, West Laurastad, 67128",4980,183,Blackpool
"317 Rogers Causeway Apt. 107, New Adam, 55448",3050,174,The Lough
"6417 Reed Field, Lake Greggborough, 11720",4120,111,Rochestown
"72584 Bonnie Park Apt. 529, New Katrina, 92200",1731,120,Ballyvolane
"270 Jacob Mews, North Jessica, 65945",3079,162,Bishopstown
"431 Clark Dale, Allenville, 11209",4738,69,Bishopstown
"0296 Grant Valleys Suite 500, East Ashleybury, 64009",1435,123,Ballyvolane
"9100 Jacob Lock, Lake Adamville, 34234",4565,110,Rochestown
"81053 Rodgers Forks, West Heatherland, 35713",3561,119,Bishopstown
"621 Scott Mall, Davidhaven, 52879",2222,135,Ballyvolane
"986 Meyer Gardens, Laraburgh, 50693",4447,131,Togher
"19070 John Park, North Miguelside, 93256",3617,188,Rochestown
"5004 Lam Avenue Apt. 279, Smithbury, 01629",3079,70,Togher
"043 Ellis Inlet Suite 846, Rodriguezfurt, 60277",3494,85,Shandon
"46840 Spencer Overpass Apt. 838, Tammyhaven, 71544",1814,88,Togher
"12935 Spence Canyon Apt. 534, Bradfordport, 46663",1626,109,Ballyvolane
"296 Tate Dam, Randytown, 70618",2531,148,Ballyvolane
"6278 Adam Rest Suite 030, Lake Amy, 99068",4123,89,Glanmire
"324 Jeffrey Square Suite 351, New Tracy, 20599",1661,104,Shandon
"8637 Savannah Shoals, East Karamouth, 40677",3209,66,The Lough
"806 Laura Walk, Williamsfort, 08214",4905,156,Glanmire
"1652 Heather Lake Apt. 751, Singletonfurt, 46088",4189,154,The Lough
"5265 Smith Lakes, Kathyton, 56513",4778,134,Ballyvolane
"82679 Molina Common, Johnview, 42401",3172,188,The Lough
"592 Carol Crescent, South Jeremiahborough, 67599",4762,169,Blackpool
"670 Garza Wells Apt. 623, West Vanessamouth, 81191",1002,156,Shandon
"124 Hill Gateway, North Soniaberg, 07172",3453,65,Bishopstown
"079 Kelly Trafficway, North Heidi, 21558",2327,102,Blackpool
"79435 Ryan Cove, Joshuahaven, 71385",3001,157,Ballintemple
"0615 Henderson Stream, Reesemouth, 24360",1079,149,Togher
"70420 Stacey Glen Suite 481, West Carl, 40152",1458,199,Ballyvolane
"240 Kim Shores, Donnaport, 52081",4805,55,Rochestown
"61326 John Ranch Suite 480, North Katherineton, 16302",2486,197,Blackpool
"493 Shannon Isle Apt. 550, South Bernard, 38114",4599,147,Mahon
"499 Dixon Manor Suite 658, Lake Edward, 95908",4406,172,Togher
"743 Williams Isle Apt. 826, Davidbury, 51718",4304,51,Shandon
"990 Sara Circle Suite 527, Victoriatown, 48678",2259,140,Bishopstown
"2551 Schmitt Freeway Apt. 496, South Marilynmouth, 16837",1980,126,Bishopstown
"3311 Kaitlyn Lodge, East Thomas, 86028",1237,149,Bishopstown
"424 Daniel Course, Rosston, 31156",1986,157,Togher
"78081 Gregory Rapid Apt. 219, Thomasport, 48632",4596,187,Rochestown
"1806 Russell Trail, Anneport, 44546",3323,189,Rochestown
"970 Sanders Tunnel, Jordanshire, 99224",4878,106,Ballintemple
"581 Beth Shoals, Jasonhaven, 02475",1322,174,The Lough
"228 Wilson Lake, Harrisshire, 21794",1350,106,Ballyvolane
"232 Craig Fields, Lake Sarahburgh, 36918",3997,119,Togher
"391 Smith Trail Suite 511, North Robertmouth, 73664",2990,161,Glanmire
"12470 Kyle Rapids, Harrismouth, 17330",4342,174,Glanmire
"327 Chang Path Suite 063, East Felicia, 21142",1283,57,Blackpool
"26732 Daniels Squares, Lake Katherine, 99530",4115,149,Rochestown
"37747 Antonio Fort Suite 216, Franklinview, 76972",3181,136,Mahon
"7548 Jeffrey Forest, West Donna, 08066",4136,153,The Lough
"573 Destiny Crescent Suite 365, New Lauramouth, 59043",1515,92,Blackpool
"347 Morgan Stream Suite 398, North Christina, 91921",1525,169,Togher
"9048 Mary Courts, Robertton, 79563",3702,82,Shandon
"160 Walter Creek, Valenzuelafort, 96293",2946,186,Blackpool
"020 Michael Plaza Suite 675, Andersonton, 94055",4878,56,Ballyvolane
"73467 Edward Mill, Port Mikeview, 85936",3251,150,Togher
"98122 Chaney Hill, East Leah, 24897",1676,194,Blackpool
"893 Espinoza Flats Suite 091, Shawnton, 72158",2085,56,Glanmire
"4908 Lee Island, Murphytown, 19350",3161,71,Blackpool
"6638 Melissa Springs, Aimeebury, 57030",4573,159,Glanmire
"422 Torres Stravenue Suite 295, New Aprilfort, 93299",3484,84,Ballintemple
"932 Cummings Garden Apt. 973, North Michaelmouth, 71925",2733,168,Glanmire
"711 Weeks Mews, Gonzalesstad, 41303",4950,96,Bishopstown
"061 Phyllis Mount, Gonzalesmouth, 69371",1867,62,Blackpool
"68392 Mcintyre Glen Suite 099, New Jonathan, 20257",4804,116,Glanmire
"4155 Jeff Harbor Suite 662, Sarahview, 34059",3208,147,Glanmire
"278 Emma Bypass, Taylorhaven, 81648",4093,133,Glanmire
"307 Love Prairie Apt. 449, Markton, 05054",3989,104,Ballintemple
"902 Fischer Square, Debramouth, 04628",3825,166,Ballyvolane
"323 Alexander Fork Suite 976, Shannonport, 33832",1823,133,Glanmire
"367 Mark Springs, South Bobby, 46362",3920,136,Shandon
"5429 Tammy Isle, New Joanne, 60211",2276,147,The Lough
"9359 Crawford Creek Suite 050, Johnsonmouth, 79849",2634,121,The Lough
"5741 Hines Inlet, East Erin, 25233",3751,157,Bishopstown
"0508 Eric Lodge, Javiermouth, 39984",3661,114,Shandon
"812 Barnes River Suite 061, Lucerohaven, 01246",2529,70,Togher
"263 Benjamin Brooks, South Christina, 16490",2794,170,Mahon
"5054 Alyssa Loaf, Sarahborough, 39663",4684,54,Blackpool
"778 Henry Gardens Apt. 897, New Jeffrey, 43431",3119,188,Blackpool
"951 May Hills, Port Davidmouth, 87791",2849,63,Bishopstown
"2657 Morgan Rapids Suite 553, South Steven, 30309",1495,139,Glanmire
"152 Keith Vista, North Brian, 47329",2015,107,Mahon
"5003 Vanessa Island Apt. 781, New Dianastad, 61328",1920,67,Mahon
"1032 Reid Divide Suite 374, North Neil, 57114",1262,60,Ballyvolane
"72614 Evans Springs Suite 279, South Jefferyport, 65585",2384,57,Rochestown
"73745 Turner Mills, Loganland, 34357",1086,113,Glanmire
"015 Mendez Common, Smithhaven, 03537",3409,101,Rochestown
"71368 Patricia Trace Apt. 803, North Deniseside, 27827",3268,55,Glanmire
"754 Wood Crest Apt. 216, Adamland, 86986",1942,89,Bishopstown
"333 Snyder Flats, Heatherfurt, 31017",3410,111,Togher
"79124 Douglas Islands Apt. 873, Katherinemouth, 77361",1902,82,Glanmire
"46888 Kyle Locks Suite 553, Mooretown, 41241",1029,171,Togher
"88192 Becky Corner Suite 728, Alexiston, 41047",1290,79,Ballintemple
"493 Douglas Vista Apt. 786, Donnabury, 63854",3899,194,Togher
"411 Tina Island Suite 728, Watsonborough, 71120",3584,105,Blackpool
"20986 Jaime Parks, Leefurt, 35098",1241,169,Bishopstown
"9445 Parker Well, Meganport, 82914",1937,115,Blackpool
"3996 Russell Locks, Brownburgh, 53745",1276,144,Bishopstown
"4961 Jennifer Parks, Garciafort, 04362",4708,92,Glanmire
"85479 Jessica Road, Cobbshire, 61938",1128,79,The Lough
"82304 Torres Keys, Hillstad, 81817",4521,91,Togher
"5204 Nguyen Island, Parkermouth, 52952",2353,129,Bishopstown
"769 Peterson Expressway Suite 191, Smithport, 13043",1290,77,Bishopstown
"77711 Linda Parks Suite 878, Port Charlesside, 72653",3105,198,Rochestown
"05793 Geoffrey Plaza, South Danahaven, 25328",1974,56,The Lough
"406 Anderson Shores Apt. 106, Mooreberg, 93867",2140,129,Togher
"2060 Davila Summit Suite 313, West Troymouth, 30395",3740,197,Glanmire
"5670 Katrina Crescent Suite 051, Velasquezberg, 80238",2988,146,Bishopstown
"539 Adkins River, East Peter, 27160",1877,151,The Lough
"9822 Vazquez Path Apt. 551, Port Brett, 19295",3208,100,Blackpool
"79105 Marcus Bridge, South Grace, 89047",1541,69,Bishopstown
"2146 Christopher Fork Apt. 307, East Katherine, 65831",3962,112,Ballyvolane
"02444 Dawson Forges, Port Samanthaborough, 47503",4831,76,Togher
"1106 Logan Ways Suite 477, Peckmouth, 28019",4614,127,Rochestown
"670 Lori Islands, Anthonyport, 47977",3338,80,Mahon
"949 Joan Shoal Apt. 196, Normanburgh, 13948",3360,194,Mahon
"576 Emily Coves Suite 585, North Shane, 03026",2936,60,Rochestown
"29515 Reyes Dale, Lesterland, 55357",1995,138,Togher
"26240 Allen Estate Apt. 567, North Shannonbury, 08788",4213,186,Ballyvolane
"46739 Norton Flat, West Angelaland, 29816",2937,159,Ballyvolane
"445 Daniel Prairie Suite 467, South Jenniferport, 51772",4307,144,Mahon
"301 Johnson Camp, Port Williamburgh, 43340",2667,67,Togher
"06952 Harris Locks Suite 538, New Andrea, 63139",1779,179,Bishopstown
"595 Mcdonald Parkways, South Loriview, 41963",1386,137,Bishopstown
"9840 Brian Ports, Williamstad, 49360",1397,53,Mahon
"833 Joshua Turnpike, North Williambury, 20751",3699,157,Ballyvolane
"95197 Lee Drives Apt. 090, Combsport, 42183",2765,175,Shandon
"9344 Lee Stravenue, Port Briannaport, 00770",2451,77,Rochestown
"377 Jon Flat Apt. 082, Donaldmouth, 31608",2734,160,Shandon
"5476 Murray Gardens, North Hannah, 62787",2683,142,Blackpool
"461 Winters Streets, North Robin, 25702",2912,167,Ballyvolane
"26090 Stephanie Highway Apt. 397, Lake Lancefurt, 80202",4538,89,Mahon
"7207 Rowland Locks Apt. 293, Bakerborough, 26638",3986,161,The Lough
"4284 Charles Islands Suite 862, North Dawn, 66069",1221,95,Togher
"133 Jean Mount, North Christopher, 98078",3758,183,Shandon
"007 Manning Prairie, Davidport, 48274",3676,119,Ballintemple
"96310 Willie Lake Suite 438, Codyside, 04360",3646,187,Shandon
"6112 Sabrina Parkways Apt. 828, Lauriemouth, 23558",1403,173,The Lough
"127 Clark Field Suite 036, East Hollymouth, 88735",1248,169,Ballintemple
"143 Turner Port, New Karen, 41232",2649,161,Blackpool
"840 Johnson Estates Apt. 837, Phillipsstad, 51987",3982,118,Mahon
"2402 Anna Knolls, West Bryan, 64960",2389,132,Ballintemple
"00866 Samantha Mountains, Lauratown, 77391",4279,112,Togher
"4406 Ortiz Avenue, Courtneychester, 09358",4529,72,Glanmire
"23902 Perez Center Suite 045, Nicoleburgh, 63958",1447,121,Ballyvolane
"38102 Hudson Greens, Lake Larry, 87764",2018,165,Bishopstown
"5353 Lynn Grove Apt. 692, Whitemouth, 00786",1784,112,Glanmire
"8348 Steven Hollow Suite 173, Wilsontown, 91127",1779,168,Blackpool
"012 James Lock, Jamesshire, 59801",3196,195,Glanmire
"1734 Austin Port, West Tonyamouth, 12867",2837,147,The Lough
"378 Brooks River, Davidmouth, 32186",1574,136,Bishopstown
"33287 Barnes Springs Suite 987, Martinezton, 52437",2728,57,Rochestown
"51985 April Mews Apt. 902, Snowfort, 67202",1751,176,Ballintemple
"64829 Michele Hills Suite 313, Mahoneyport, 35957",2140,133,Shandon
"7639 Burke Vista, Lake Mollymouth, 11960",2894,96,Ballyvolane
"06722 Brianna Union, New Katherine, 35726",2023,174,Ballintemple
"020 Diana Garden Suite 010, Lewisport, 77367",4581,104,Rochestown
"99258 Fischer Inlet, Matthewland, 24681",4781,140,Blackpool
"227 Valdez Glens, North Michelleville, 23810",1308,116,Shandon
"5747 Jennifer Island Apt. 062, Millerberg, 49111",2815,137,Shandon
"74369 Dawn Street Suite 334, New Brittanyborough, 34634",4309,121,Glanmire
"896 Ann Corners, Wrightmouth, 15098",4528,120,Mahon
"757 Anna Tunnel Suite 884, Cainland, 26760",4506,192,Ballyvolane
"311 Walter Meadow Apt. 246, East Stephenport, 31084",3254,52,Blackpool
"77655 Villa Village Suite 130, North Lesliefort, 91174",1401,182,Mahon
"073 Lisa Corner, New Kayla, 86943",1207,98,Togher
"854 Debra Ferry Suite 933, Andreland, 08863",3671,71,Mahon
"15169 Evans Branch Apt. 801, Johnstonton, 52149",3214,111,Ballintemple
"282 Brown Roads, South Alisha, 68093",4424,154,Ballyvolane
"75187 Riley Ville Suite 949, Baldwinburgh, 68064",1060,175,Shandon
"5179 Jenkins Track Suite 090, East Elizabeth, 87542",4969,192,Glanmire
"92855 Misty Shores Suite 846, East Stacyberg, 71838",1382,111,Rochestown
"97569 Dorsey Viaduct, Port Melanie, 38079",4794,171,Mahon
"6020 Matthew Parks Apt. 303, Aprilberg, 89993",4086,175,Rochestown
"9352 Swanson Ports, Larrybury, 35375",4476,164,Ballintemple
"57511 James Rue Apt. 301, New Traceystad, 94776",1968,54,Rochestown
"05278 Padilla Villages Suite 464, Huangton, 46818",1681,73,Ballintemple
"8920 Stevens Plain Apt. 452, Annaview, 97261",2664,125,Rochestown
"45932 Vasquez Fort Apt. 172, East Justin, 78286",2989,106,Blackpool
"9807 Jamie Loop Suite 966, Travisside, 08625",2971,153,Ballyvolane
"7470 Leonard Turnpike Suite 132, Aaronmouth, 92715",1875,112,Blackpool
"27593 Parsons Pines Suite 143, Loveberg, 70822",4541,128,Blackpool
"7737 Davis Fields, Ryanbury, 82743",2642,198,Togher
"0732 Ball Point Apt. 674, West Tashastad, 08820",4696,144,Bishopstown
"21114 Eric Trafficway Apt. 843, Angelachester, 75382",1240,171,Glanmire
"54844 Beck Pass Suite 905, New William, 03507",1674,191,Ballintemple
"456 Kelley Brooks, Michaelport, 08274",2552,185,The Lough
"868 Deborah Track Apt. 274, Johnsonborough, 85839",1008,138,The Lough
"45114 Julia Club, Kellyville, 20115",2599,158,Ballintemple
"817 Taylor Trail Apt. 006, Stevensonchester, 77898",2086,190,Ballyvolane
"66881 William Harbors, Port Jacquelinebury, 17813",4795,134,Blackpool
"0624 Hall Locks Suite 318, Port Jonathanchester, 76493",4211,140,Shandon
"0141 Travis Keys Apt. 196, Corymouth, 24675",4215,166,The Lough
"8717 Christopher Inlet Suite 351, South Kevinfurt, 53803",2863,119,Bishopstown
"660 Rose Prairie, Nicoleside, 49341",2168,128,Mahon
"58926 Joseph Camp Apt. 101, Woodsstad, 91897",2732,114,Glanmire
"309 Santiago Manors, Robertsstad, 52843",3853,109,Ballintemple
"1933 Wayne Coves, West Margaretville, 34994",4921,80,Rochestown
"27974 Michael Stravenue, South David, 70829",3992,99,Bishopstown
"9216 Ethan Crossing Suite 634, East Charles, 98364",4208,130,Ballintemple
"78493 Wilson Street Suite 400, Port Angela, 26387",3276,80,Bishopstown
"108 English Manors, Wrightport, 19156",3711,187,The Lough
"8406 Jeanette Lake, Port Davidland, 10146",3942,97,Togher
"7146 Michael Corner Apt. 134, Jasonport, 52991",2993,99,Blackpool
"07469 Oneal Groves, Mcgeebury, 53970",1634,105,Shandon
"7009 Morris Walk Suite 557, Estradaborough, 78410",1777,173,Mahon
"3946 John Plaza Suite 260, Kristenhaven, 08894",2215,120,Shandon
"5212 Tammy Hollow Apt. 517, Franklinbury, 13469",1891,200,Ballintemple
"608 Fuller Mission, Grayside, 02223",4967,184,Rochestown
"36048 Scott Row, Lake Tammyport, 13714",1239,122,Blackpool
"49650 Williams Road Suite 276, Port Nathaniel, 40917",3372,75,Mahon
"2698 Brenda Rapid, Lake Christopher, 57223",4013,99,Shandon
"54142 Erik Ramp Apt. 054, Amberport, 72938",3220,125,Togher
"24242 Albert Square, South Pedro, 23737",1249,108,Togher
"5384 Nolan Mills, Lake Christophershire, 41712",4063,142,Ballintemple
"9587 Smith Trail, Lake Georgemouth, 01959",2284,95,Mahon
"06402 Hall Creek, Mahoneyport, 81886",1234,127,Ballyvolane
"1214 Scott Avenue, Jodimouth, 43792",1205,53,Glanmire
"4255 Kristina Well, East John, 65919",3392,186,Glanmire
"62950 Robinson Circle, Derekmouth, 81284",2952,82,Mahon
"72085 Jones Mountains Suite 914, Thomasberg, 64639",3059,120,Glanmire
"830 Margaret Row Suite 902, North Sherri, 84748",4765,61,Glanmire
"872 Mcdonald View, Harveyborough, 51702",4492,63,Glanmire
"8114 Hall Neck Suite 051, North Mary, 92330",3175,191,The Lough
"929 William Cove Suite 168, Christopherville, 01713",1644,124,Togher
"4561 Walker Burg Suite 419, Aaronview, 13462",1232,82,Ballyvolane
"30121 Erica Pines, Smithville, 20124",4935,175,Bishopstown
"8384 Dunn Ridges Suite 289, West Joseph, 73561",3080,76,Blackpool
"38889 Gomez Loaf Apt. 767, West Erinbury, 88019",1328,53,Shandon
"0010 Smith Creek, North Kristenton, 58644",4487,196,Shandon
"143 Thompson Bridge Apt. 562, Lake Christopherside, 12928",1761,122,Glanmire
"241 Nicholas Garden, Jenniferberg, 85143",1280,170,The Lough
"787 Davis Locks, West Randall, 34101",3437,172,Ballyvolane
"6076 Johnson Knoll, Lake Margarettown, 97671",1278,162,Bishopstown
"790 Kaufman Trace, Port Mark, 12102",3765,137,The Lough
"534 Christina Orchard Apt. 679, Chadport, 28672",4530,97,Mahon
"7558 Mccullough Avenue, Kennethberg, 01817",1963,63,Blackpool
"48380 Melanie Inlet, Port Jimmy, 13080",2653,114,Ballintemple
"182 Ford Skyway Apt. 181, Macdonaldborough, 38073",1491,172,Shandon
"84809 Hobbs Pines, Hamiltonfort, 76735",4856,79,Blackpool
"79594 Howe Track Suite 383, Robertside, 08407",4646,66,Blackpool
"6209 Christopher Circles, West Frank, 18283",3333,152,Bishopstown
"9890 Espinoza Plains, East John, 25247",2008,175,Mahon
"8078 Williams Ridges, Jesusberg, 59165",3371,68,Rochestown
"057 Anna Drive, Austinfort, 36780",3435,197,Shandon
"4689 Carrillo Extensions Apt. 962, Tiffanytown, 55719",1162,63,Ballyvolane
"6074 Pamela Tunnel, West Suzannefurt, 21995",3536,88,The Lough
"2453 Katie Avenue, New Jimmy, 06564",1335,88,The Lough
"810 Hannah Landing, Suarezmouth, 77084",2717,194,Ballintemple
"2411 Kimberly Green, South Carrie, 67359",3692,127,Ballintemple
"985 Lewis Ways, North Moniquefurt, 49683",3390,71,Glanmire
"31971 Julie Mill Suite 302, Larashire, 92969",3315,113,Ballintemple
"610 Jose Rue Suite 494, Garyfurt, 82227",3141,80,Togher
"41796 Brown Dale, Mcculloughhaven, 24289",2295,192,Mahon
"4354 Garrison Plaza, North Ruthbury, 63502",4828,156,Blackpool
"777 Kemp Cliff Suite 167, Lindseychester, 93803",2068,107,Shandon
"69134 Mary Heights Suite 637, North Tarafurt, 66925",1836,183,Glanmire
"3910 Caitlin Gateway, South Destinyton, 11558",3743,147,Mahon
"66644 Michelle Mountains, Ryanbury, 92614",3933,165,Mahon
"464 Martha Inlet, East Johnny, 57418",2286,163,Blackpool
"15133 Gary Harbors, South Matthew, 59306",1977,126,Togher
"12812 Kimberly Fort, Velezshire, 32001",2087,200,Bishopstown
"6031 Tina Mountains Apt. 678, North Kenneth, 67004",2621,159,The Lough
"92819 Danielle View, Port Michelebury, 27736",1536,128,Togher
"23284 Karen Landing, South Annaview, 55390",3751,195,Bishopstown
"485 Lewis Stravenue, Port Douglas, 48859",3643,65,Ballyvolane
"328 Bradley Point Suite 548, West Amyhaven, 13942",2228,75,Ballyvolane
"207 Clarke Via Apt. 442, Port Benjamin, 53611",2872,103,Togher
"95365 Luke Streets Suite 005, Gayview, 66932",2295,104,Shandon
"6754 Marcus Stream, Griffithmouth, 73574",4805,117,Ballintemple
"9258 Shawn Club Apt. 044, Angieville, 28716",4079,70,Ballintemple
"642 Connor Ridge Apt. 208, Lake Shannon, 27059",4832,90,Shandon
"04897 Lisa Manors Apt. 821, East Rodney, 15853",1297,111,Mahon
"494 Joe Gardens Apt. 980, Adamsbury, 65478",1038,94,Togher
"49289 Anderson Drive Suite 265, Gomezmouth, 62348",2877,191,Mahon
"24237 Martinez Meadows, Thompsonside, 47040",3544,69,Glanmire
"2562 Park Spurs Apt. 913, Lake Sherristad, 56814",3306,90,Blackpool
"7391 Hall Prairie, Thomasport, 61061",1409,50,Blackpool
"9835 Andrew Causeway, Lake Kathryn, 74114",1300,154,Ballyvolane
"079 Robert Island Suite 491, East Annettetown, 22983",3202,165,Ballintemple
